颜色,灯光照明,场景地点,建筑设计,时尚设计,展览雕塑,构图技巧,插画大师,画家大师,摄影大师,导演名家,设计大师,街头艺术,艺术流派,动漫漫画,其他艺术,中国元素,人像特征,表现技巧,摄影技巧,材质材料
蓝黄,黄金时段,魔法花园,阿拉伯室内,扎克·波森,因卡·绍尼巴尔,连环漫画,麦克贝斯,张晓刚,张克春,伍迪·艾伦,威廉·莫里斯,特里斯坦·伊顿,瓦里绘画,黑客标志,辛普森,龙舟,面膜,用墨水笔水彩画轮廓,柯达 Tri-X 400,青金石
黑紫,黑光,黑洞,非洲中心,伊夫圣罗兰,韦德·盖顿,调色板,富野由之,伊格尔·奥塞里,沃尔夫冈·苏希茨基,扎克施奈德,沃尔夫冈·温加特,塔蒂亚娜·苏亚雷斯,西部朋克,xxxHolic,龙与地下城,麻将,护士帽,水彩颜料,Lomography 色,雷莫石
黑黄,黄昏,魔法城堡,雅各宾式,山本耀司,威廉·佐拉克,角色设计,威廉·蒂姆林,伊夫·克莱因,沃克·埃文斯,泽维尔·多兰,横尾忠德,谢泼德·费尔雷,战争摄影,战神金刚,进击巨人,麒麟,面纱,彩色玻璃,柯达 UltraMax,阳极氧化
蓝绿,频闪灯,鬼屋森林,金字塔,斯特拉·麦卡特尼,维托·阿孔奇,角色卡,天野喜孝,齐娜伊达·塞雷布里亚科娃,维维安·迈尔,王家卫,维尔纳·潘顿,雷特纳,复古照片,文兰传奇,顶级英雄,阴阳,防毒面具,扎染,柯达 Portra 40,铝合金
蓝红,音乐会照明,隧道,西南室内,维吉尔·阿布洛,斯坦尼斯瓦夫·苏卡尔斯基,解剖图绘制,温莎·麦凯,岳敏君,威廉·克莱因,韦斯·安德森,斯特凡·萨格迈斯特,罗恩·英格利希,维多利亚时代的建筑,三枪,铁拳,锦鲤,贝雷帽,挂毯,柯达 Ektachrom,金属质感
经典黑白红,霓虹灯,雨天,里亚德式,沃尔特·范·贝伦东克,宫岛达夫,百科全书,威廉·斯托特,约安·洛塞尔,W·尤金·史密斯,科恩兄弟,西摩·查瓦斯特,勒瓦莱特,复古时尚,变形金刚,辐射系列,荷花,耳机,红陶,柯达 Portra 16,陶瓷
绿紫,闪光粉,雨林,装饰艺术,椰子,托尼·奥斯勒,立体书,新川洋二,沃辛顿·惠特里奇,维吉,托尼·斯科特,雷伊姆斯,资产回报率,乡土建筑,Escaflowne的愿,赛博2077,道,眼罩,手鞠,柯达 Ektar 100,象牙
红黑,闪亮,长城,装饰艺术,薇薇安·韦斯特伍德,西奥·詹森,移动界面,沃尔特·西蒙森,威廉·奥克瑟,蒂姆·弗拉赫,特里·吉列姆,彼得·萨维尔,马丁·沃特森,韩国传统建筑,龙猫,英雄联盟,笛子,狐狸面具,墨流,富士彩色 Superia,蓝晶石
红黄蓝,闪光,银河,蒂雷克多尔,汤姆·福特,托尼·克拉格,游戏素材,威廉·肯特里奇,瓦德·萨夫罗诺,万利·伯克,史蒂文·斯皮尔伯格,菲利普·斯塔克,尼克·沃克,日本传统建筑,久保蒂特,超级马里奥,针灸,皇冠,素描笔记风格,富士Chrome Pro,纤维素
深棕,镭射发光,金字塔,联邦式建筑,斯特凡诺·嘉巴纳,黑川良一,游戏界面,沃尔特·克兰,威妮弗莱德·奈特斯,维克·穆尼兹,泰伦斯·马力克,索尔·巴斯,奥戴斯,蒸汽波时尚,塞尔达传说,荒野大镖客,莫高窟,法师帽,索塔什,富士胶片 Neopan,蓝宝石
紫黄,量子点,足球场,荷兰殖民地,汤米希尔费格,理查德·麦克唐纳,时尚情绪版,威尔·艾斯纳,威廉·特罗斯特·理查兹,塔米·博恩,三池崇史,奥特尔·艾歇尔,爱丽丝·帕斯奎尼,中国传统建筑,言叶之庭,纸钞屋,翡翠,水手帽,扎堀,富士彩色C200,纸板
紫红,迪斯科灯光,迷失废墟,蒙特利殖民,蒂埃里·穆勒,雷蒙·杜尚·维庸,标志设计,韦恩·巴洛,威廉·拉塞尔·弗林特,托尼·弗里塞尔,塞尔吉奥·莱昂内,保拉·谢尔,C215,科技服装时尚,世界因你而终结,绝地求生,脸谱,帽子护目镜,袜子木偶风格,富士彩色Pro 400H,祖母绿
红绿,边缘光,超现实风景,船舶风格,史蒂芬·伯罗斯,理查德·朗,平面摄影,陈阮,威廉·尼科尔森,TJ德赖斯代尔,谢尔盖·帕拉杰诺夫,米尔顿·格拉泽,詹姆斯·布洛,合成波,动画师,生化危机,竹子,头戴显示,雪球,富士彩色 Fujichr,玉
水晶蓝,蓝色时间,荒野,美院派室内,瑞克·欧文斯,雷菲克·阿纳多尔,整理法,托德·麦克法兰,威廉·戴斯,肖恩·海因里希斯,北野武,保罗·兰德,欧内斯特·扎查雷维奇,至上主义,特康金克里特,瑞克和莫蒂,舞狮,头戴护目镜,丝网印刷,福马潘400,碳纤维
霓虹,荧光灯,花田,翼子板建筑,川久保玲,帕特里克·多尔蒂,房屋剖面图,文斯·科莱塔,威廉·霍加斯,史蒂文·克莱因,斯派克·琼斯,内里·奥克斯曼,霍帕雷,街头艺术,铁拳,神通瑞姆,红楼梦,女仆头饰,斯克林肖,哈珀时尚,碧玉
镭射糖果纸,荧光霓虹灯,篮球场,美术学院派,里卡多·蒂西,拉格纳·基亚坦森,幻想四季,沃德·金博尔,威廉·亨利·马格森,斯蒂芬·肖尔,谢尔盖·爱森斯坦,迈克尔·比鲁特,爱德华多·科布拉,街头摄影,小畑刚,星露谷物语,禅宗,太阳镜,剪贴板艺术,W杂志,皮革
马蒂斯,荧光,花园背景,皮拉蒂安,奥兹瓦尔德·博阿滕,奥拉维尔·埃利亚松,房屋平面图,沃尔特·凯利,威利·鲍迈斯特,塞巴斯蒂奥·萨尔加多,斯坦利·库布里克,李·布鲁姆,侵略者,流线型现代建筑,地海传说,死亡笔记,石狮子,发花,刮板艺术,战争摄影,皮毛
钛,背光,自由女神,童话故事,拉尔夫·劳伦,拉斐尔·洛扎诺·赫默,娃娃屋,托尼·迪特利兹,威廉·埃蒂,罗伯特·梅普尔索普,彼得·杰克逊,永井一正,卡米尔瓦拉拉,蒸汽朋克,千与千寻,火影,瓷器,发带,红标打印,X射线,琥珀
蒸汽波,美丽的照明,罗马竞技场,洛可可,拉夫·西蒙斯,马丁·普尔伊尔,多姿势角色,二平勉,威廉·范·阿尔斯特,罗杰·拜伦,斯派克·李,马西莫·维涅利,维尔斯,斯大林主义建筑,命运石之门,最终幻想,相声,发卡,绗缝,V杂志,煤
大卫霍尼克,电磁音波,美术馆,甘丹房屋,皮尔卡丹,奥西普·扎德金,图标集设计,冈上敏子,威廉·哈恩雷茨,罗德尼·史密斯,桑托什·西万,马塞尔·万德斯,巴里·麦吉,光头党时尚,太空花花公子,暗黑破坏神,牡丹,医用口罩,烫画,复古照片,水磨石
梵高,紫外线,珊瑚礁,波西米亚风,菲比·菲罗,玛丽娜·阿布拉莫维奇,图表设计,蒂姆·波顿,威拉德·梅特卡夫,莎拉·穆恩,罗杰·狄金斯,乔恩·伯格曼,班克斯,浪漫主义,宇宙战舰大和号,海贼王,熊猫,黑帮装,橡皮泥,水下摄影,波斯花纹
约翰哈里斯,白昼光,空中花园,热带景观,帕特里克·凯利,李·邦特库,参考表,托德·肖尔,威廉敏娜·巴恩斯·格雷厄,理查德·科恩,拉斯·迈耶,乔治·詹森,阿图尔·博尔达洛,太阳朋克,寂静岭,洛克斯,玉,黑发,凹版印刷,Vogue时尚,液体秘
沃霍尔,电发光线,疯狂麦克斯,法式花园,皮埃尔·巴尔曼,洛伦佐·奎因,全身角色,特里·多德森,威廉·卡尔夫,莎莉·曼,佩德罗·阿尔莫多瓦,埃里克·斯皮克曼,安东尼·利斯特,科学摄影,少年动漫风格,星际争霸,爆竹,魅力风,像素绘图,复古镜头,氧化钛
波普色,硬光,珠穆朗玛峰,法式乡村,奥塔维奥·米索尼,刘伟,黄金比例构图,斯蒂芬·加梅尔,韦恩·蒂博,罗伯特·卡帕,雷·哈利豪森,赫布·卢巴林,,社会主义现实主义,少女动漫风格,我的世界,灯笼,高级定制,摄影作品,太阳能图,橄榄石
彩虹色,环境光,熔岩洞穴,新石器时代,尼戈,克里斯·库克西,信息图表,特德·纳斯史密斯,沃尔特·朗特·帕尔默,雷·梅茨克,雷切尔·莫里森,布赖恩·唐纳利,,场景时尚,系列实验 Lain,宝可梦,火锅,马术装,铅笔画,紫外线摄影,拉丝金属
日落渐变,熔岩光,热带天堂,殖民地建筑,奥斯卡·德拉伦塔,琳达·本格里斯,鱼眼视角,山本隆人,沃尔特·西克特,拉尔夫·尤金·肉亚德,雷德利斯科特,加埃塔诺·佩斯切,,斯堪的纳维亚建筑,青年动漫风格,史瑞克,梅花,颓废摇滚,拼布,街头摄影,抛光
秋日棕,核废料光,炼金室,木工哥特式,迈克尔·科尔斯,劳尔·普罗沃斯特,鸟瞰,史蒂夫·迪特科,维托里奥·雷贾尼尼,罗比·卡瓦诺,保罗·范霍文,戴尔·奇胡利,,罗马式建筑,半写实动漫风格,守望先锋,水墨,阿兹特克,粉彩画,日照仪,彩虹大理石
艳蓝,烛光,洞穴,柱厅式,奥利维尔·鲁斯廷,金子淳,顶视图,史蒂夫·鲁德,瓦西里·康定斯基,理查德·阿维顿,昆汀·塔伦蒂诺,埃里克·尼切,,罗马建筑,巨人的影子,堡垒之夜,朱雀,韩国时尚,钢笔画,光画,岩石
基恩哈林,灰尘,瀑布,暗黑学风,缪西娅·普拉达,约瑟夫·博伊斯,长焦拍摄,村上隆,万吉奇·穆图,菲利普·哈尔斯曼,保罗·托马斯·安德森,克里斯托弗·伍尔,,洛可可,今敏,动物之森,汤圆,银发,卵石艺术,低保真摄影,孔雀石
艳粉,火光,泰姬陵,普韦布洛,玛丽·卡特兰佐,约瑟夫·康奈尔,非对称构图,斯科蒂·杨,弗拉基米尔·库什,雷·柯林斯,米歇尔·冈德里,克里斯托夫·尼曼,,摇滚时尚,武士杰克,光速龙卷风,武术,阴森装,调色刀绘图,慢快门速度,刷铝
艳棕,激励照明,沼泽地,普韦布洛,克比·吉恩·雷蒙德,珍妮·霍尔泽,远景透视,索菲·布莱考尔,维克多·瓦斯涅佐夫,柏拉图,朴赞郁,布鲁诺·穆纳里,,复古未来主义,美少女战士,侠盗猎车,月饼,酒会装,剪纸,光场摄影,华丽的
艳柠檬绿,泛光灯,河流,新石器时代,渡边纯也,以赛亚扎加尔,径向构图,斯蒂芬·马蒂尼埃,维托里奥·马泰奥·科科斯,保罗·佩莱格林,马丁斯科塞斯,安东尼·伯里尔,,再生,高桥留美子,使命召唤,月兔,金发,帕莱克,诺林,铜
艳橙,激光,河口,摩洛哥风,卡尔·拉格菲尔德,詹姆斯·普拉迪尔,超广角,萨姆·基思,文森特·德西德里奥,彼得·林德伯格,马里奥·巴瓦,白羊座莫罗斯,,狂欢时尚,蔷薇少女,元神,景泰蓝,重金属,纸型,洛莫摄影,乌木
深蓝,月光,歌剧院大厅,斯大林主义,马克·雅各布斯,杰夫·昆斯,消失点构图,谢尔·西尔弗斯坦,维森特·罗梅罗·雷东多,南戈尔丁,莱妮·里芬斯塔尔,阿恩·雅各布森,,文艺复兴时期的建筑,归零,你的名字,山海经,部落风,针尖,霍尔加摄影,乳胶
深红,放射性发光,水下世界,摩尔式复兴,乔·凯斯利-海福德,埃尔阿纳苏伊,航拍视角,莎拉·安徒生,维贾·塞尔明斯,荒木经惟,拉斯·冯·特里尔,布兰登·马布利,,现实主义,拉赫·色丰,乐高,工笔画,迪斯科装,装饰品,故意移动相机,刚玉
深栗,反射光,水下洞穴,摩尔式,周仰杰,费利佩·潘通,第一人视角,塞尔吉奥·阿拉贡内斯,维多利亚·克劳,帕特里克·德马舍利尔,金基德,安德烈·查尔斯·布尔,,卡扎尔艺术,革命少女乌蒂娜,一拳超人,折扇,贵族风,折纸,高动态范围,黏土
浅蓝,星空,水晶洞穴,摩尔式室内,约翰·瓦维托斯,加斯顿·拉雪兹,虚化,萨巴斯·阿普特鲁斯,维克托·瓦萨雷利,保罗·罗维西,吕克·贝松,阿尔文·勒斯蒂格,,古兰经艺术,写实动漫风格,疯狂麦克斯,故宫,运动风,油漆,集体照,雕刻
浅青,夜光,杂草丛生,战前建筑,约翰·加利亚诺,古斯塔夫·维格兰,等距视角,萨姆·托夫特,维克多·帕斯莫尔,马特·莫洛伊,卡雷尔·泽曼,艾伦·弗莱彻,,朋克时尚,心理通行证,白底梦想家,咏春,运动休闲,迈布里奇序列,法医摄影,黄水晶
浅绿,手电筒,梦幻云彩,德国殖民地,吉尔·桑德,埃德蒙妮娅·刘易斯,汇聚线构图,长谷亮平,植村书园,内尔·多尔,让-吕克·戈达尔,,,心理比利时尚,红猪,银翼杀手,国画,运动,一幅线条艺术,快门速度快,镍
浅橙,戏剧化灯光,梦境,希腊式,休伯特·德·纪梵希,丹尼尔·阿尔轩,特写,罗兰·托波尔,冈本太郎,纳达尔,约翰·卡索维茨,,,拉斐尔前派,波妞,泰坦尼克号,园林,轻学院装,马赛克,双重接触,铂金
洋紫荆,夜总会照明,校园,当代室内,让·保罗·高提耶,达安·罗斯加德,正视,鲁布·戈德堡,凡妮莎·贝尔,米罗斯拉夫·蒂奇,吉姆·汉森,,,迷幻艺术,女神异闻录5前锋,摔跤爸爸,唐三彩,角色扮演,千花挂毯,全家福,菌丝
柠檬黄,发光,果园,弗兰芒,艾里斯·范赫本,丹·弗莱文,居中构图,罗梅罗·布里托,瓦西里·韦列夏金,内森·沃斯,杜琪峰,,,后印象派,波姆波科,沙丘,国墨,视觉系,单色印刷,银版照相法,钻石
暗黄,双重灯光,暗黑地牢,平房,三宅一生,崔正花,微观视角,拉斯·米尔斯,瓦伦丁·德·布洛涅,米科·拉格斯泰特,约翰·福特,,,宝丽来,神奇宝贝,水形物语,剪纸,规范装,布偶风格,阳光下拍摄的人像,软糖
柔粉,午夜,末日城市,希腊式,小筱弘子,达米恩·赫斯特,微距,丽贝卡·盖伊,瓦莱丽赫加蒂,莫里斯·塔巴德,盖·里奇,,,流行艺术,完美的蓝色,星际迷航,古剑,西南风,木目金,顶光人像拍摄,箔
暖棕,化学发光,月球景观,希腊复兴式,森花惠,卡斯滕·尼古拉,室外看室内,理查德·斯卡里,提图斯·卡法尔,米尔顿·H·格林,英格玛·伯格曼,,,点画派,手冢小三,放牛班春天,全景长卷轴,蒸汽波,千花玻璃,柔和灯光下的人像拍摄,纱绸
天空蓝,前灯,月球空间,希腊复兴式,海德尔·阿克曼,塞里斯·温·埃文斯,对角线构图,罗布·莱菲尔德,塔拉斯·洛博达,马克斯·杜潘,让·谷克托,,,绘画主义,一块,少年派,兵马俑,花花公子,网版印刷,侧光人像拍摄,红宝石
黑,分离照明,晨雾中,山林小屋,郭培,卡尔·安德烈,宽景,罗伯特·克拉姆,瓦伦丁·谢罗夫,玛莎·罗斯勒,詹姆斯·比德古德,,,像素艺术,尼尔机械纪元,怪奇物语,八卦,草原服装,熔蜡,霓虹灯下的人像拍摄,纱线
黄,光追反射,星云,巴洛克建筑,古驰,卡米尔·克洛岱尔,对称构图,理查德·科本,塔西拉·多·阿马拉尔,玛丽·艾伦·马克,扬·斯万克梅杰,,,针孔摄影,一拳超人,千与千寻,亭子,萨普尔,黑色素印刷,使用桃色和青色灯光拍摄的,果冻质感
靛蓝,内发光,教堂内,工匠建筑,霍尔斯顿,布鲁诺·卡塔拉诺,孤立构图,拉斐尔·基什内尔,塔尔博特·休斯,马修·布雷迪,弗朗西斯·福特·科波拉,,,东正教图标,没有游戏就没有生活,天堂电影院,儒家文化,芭蕾舞,镶嵌细工,红光下拍摄的人像,瓷
酒红,关键照明,星空夜景,小木屋,乔治·阿玛尼,布鲁诺·沃尔波特,头部特写,拉尔夫·斯特德曼,坦尼娅·沙采娃,马丁·拉克,乔治·卢卡斯,,,帕德绘画,风之谷,奇异博士,丹顶鹤,艳丽的,俄罗斯套娃,从百叶窗透过光影拍摄的人,砖块
芥末黄,低调照明,时空隧道,奥斯曼式,詹尼·范思哲,阿伦·德梅茨,卫星图像,雷蒙德·佩蒂邦,萨图尔诺·布托,马丁·弗兰克,乔治·米勒,,,皮奇瓦伊绘画,新世纪福音战士,高更,京剧,老时髦,标记绘图,强光下的人像拍摄,石英
自然绿,三点光,手扶梯,可持续建筑,埃斯特万·科塔萨尔,布鲁斯·芒罗,全景,拉尔夫·麦夸里,塔玛拉·德·伦皮卡,玛尔塔·贝瓦夸,吉列尔莫·德尔·托罗,,,帕塔奇特拉绘画,竹内直子,麦克西姆斯,书法,编织马尾,大理石花纹,对比光下的人像拍摄,环氧树脂
绿野仙踪,上方射下光,巴比伦花园,印度风情,加雷斯·普格,芭芭拉·赫普沃斯,倾斜视角,拉尔夫·巴克希,塞缪尔·佩普洛,马丁·斯特兰卡,弗里茨·朗,,,泛未来主义,夏目友人帐,鲁本斯,中国龙,经典风,花边,底部照明的人像拍摄,玄武岩
绿松石,阳光照射,幽灵镇,地中海复兴,埃米利奥·普奇,安迪·戈兹沃西,低角度,保罗·卡瑟罗尔,塞缪尔·梅尔顿·费舍尔,马克·斯坦梅茨,伊曼纽尔·卢贝兹基,,,奥斯曼建筑,鸣人,鸟山明,中国墨,红发,曼陀罗,逆光人像拍摄,木纹
红,隔光板,工业城市,印度式建筑,黛安·冯芙丝汀宝,奥古斯特·罗丹,仰视视角,拉斐尔·阿尔伯克基,常玉,玛丽安·布雷斯劳尔,费德里科·费里尼,,,有机建筑,我的英雄学院,鲍尔,中国凤凰,端庄风,由虹彩箔制成,广角镜头,松木
粉,重点照明,幻想,卫所殖民地,埃利·萨博,阿里斯蒂德·马约尔,人物视角,雷娜·特尔格迈尔,萨尔瓦多·罗莎,玛丽安娜·罗森,穆尔瑙前锋,,,奥弗斯教,七太在,马恩斯,中国结,精神摇滚,蕾丝材质,特写镜头,布料
紫罗兰,聚光灯,峡谷,单户住宅,唐娜·卡兰,奥古斯塔·萨维奇,俯视,昆汀·布莱克,萨姆·盖伊,马克·塞利格,大卫·林奇,,,东方主义,虫师,马克,世外桃源,粉发,油毡印刷,明暗对比,木制
稳重蓝,自然照明,小吃街,克里奥尔房,石冈英子,安东尼·葛姆雷,三分法构图,保罗·莱尔,萨曼莎·基利·史密斯,马利克·西迪贝,David Finche,,,规范核心时尚,萌动漫风格,达利,禅,灰发,Lomography 色,半身中弹,天鹅绒
玫瑰金,轮廓光,宇宙,冰屋,杜罗·奥洛乌,安东尼奥·卡诺瓦,全身,帕斯卡尔·坎皮恩,萨姆·吉列姆,刘易斯·海因,达伦·阿罗诺夫斯基,,,新古典主义建筑,幽灵,金凯德,汉服,白发,低聚,倾斜移位,冰冷
水绿,背景虚化,山脉,农舍室内,杜嘉班纳,艾未未,七分身,帕特里斯·穆西亚诺,所罗门·范·鲁伊斯达尔,马里奥·贾科梅利,埃默里克·普雷斯伯格,,,新古典主义,机甲动漫风格,费里,武侠,短发女装,平版印刷,长焦镜头,哑光
橙色,晨光,外星球,农舍,克里斯汀·迪奥,亚历山大·阿奇彭科,主观视角,奥斯卡·菲辛格,萨姆·弗朗西斯,马克·拉格朗日,艾德·伍德,,,新未来主义建筑,灵能百分百,贝诺瓦,刺绣,禅风,凸版印刷,超广角镜头,全息
橄榄绿,工作室照明,外星地貌,乡村小屋,德姆纳·格瓦萨利亚,亚当·马丁纳基斯,DSLR拍摄,奥斯卡施莱默,罗杰·德·拉·弗雷斯奈,拉里·芬克,丹尼斯·维伦纽夫,,,新浪漫主义,回转企鹅罐,贝尔尼尼,功夫,科技风,光画,剖面图,光纤
樱桃,冷光,城市公园,海滨室内,可可香奈儿,草间弥生,360度全景,尼尔·亚当斯,莎莉·斯托奇,曼·雷,查理·卓别林,,,朴素的艺术,车田雅美,詹姆斯琼,旗袍,男友风,光追迹,越过肩膀拍摄的肖像,光粒子
枫叶红,柔光,城市,乔治亚式,克里斯蒂安·拉克鲁瓦,徐冰,极限特写,萩元元,鲁菲诺·塔马约,劳尔·阿尔宾·吉洛特,克里斯托弗·诺兰,,,死灵朋克,超时空要塞,莫里斯,丝绸,热带风,光场摄影,坐像,黄铜
时尚灰,全局光,图书馆背景,现代农舍,克里斯托瓦尔·巴伦西亚加,雅科夫·阿甘,腰部以上,奥利弗·杰弗斯,萨尔瓦多·达利,李·米勒,克林特·伊斯特伍德,,,穆德哈尔建筑,新海诚,让杰罗,中式服装,独立风,拿铁艺术,航拍,黄金
宝宝蓝,体积光,城堡内部,地中海室内,卡尔文·克莱恩,团队实验室,胸部以上,诺曼·基思·柯林斯,罗伊·利希滕斯坦,拉里·克拉克,达里奥·阿基多,,,照片,魔法小圆,萨良,,牛仔装,宝石厂,照片,青瓷
土耳其蓝,伦勃朗光,启示录荒野,洛可可,亚历山大·麦昆,凡妮莎·比克罗夫特,并列构图,娜塔莉·肖,罗伯特·谢尔顿·邓肯森,朱莉娅·玛格丽特·卡梅伦,布赖恩·德·帕尔马,,,摩尔式建筑,鲁邦三世,莫比乌斯,,滑板装,激光雕刻,针孔摄影,金属漆
亮黑,光粒子,埃菲尔铁塔,古代中式,贝西·约翰逊,施莎拉,半身,迈尔斯·伯克特·福斯特,罗曼·布鲁克斯,基思·卡特,布拉德福德·杨,,,莫卧儿建筑,幸运星,艾伦李,,温柔男孩,伊兹尼克瓷砖,微距拍摄,腐朽衰败
天蓝,高调照明,另一世界,未来主义,卡罗琳娜·海莱娜,乌尔苏拉·冯·雷丁斯瓦德,侧身,米莫·罗特拉,罗伯托·费里,基斯谢勒,奉俊昊,,,摩登时尚,深渊制造,索恩,,海军装,金继,极宽肖像,紫水晶
丹宁蓝,镜头光晕,北极背景,禅宗,比尔·布拉斯,池田良二,,浦泽直树,罗伯特·劳森伯格,卡蒂亚·乔舍瓦,卡尔·西奥多·德雷尔,,,现代建筑,小魔女学园,罗约,,海滨奶奶风,日本复古海报,鱼眼镜头,纸雕
黑白,氛围感照明,农田,草原景观,安·德穆勒米斯特,理查德·塞拉,,米尔顿·卡尼夫,罗伯特·马瑟韦尔,卡尔·布洛斯费尔特,安德烈·塔可夫斯基,,,金属头时尚,骗子游戏,米开朗基罗,,海洋朋克,信息图,低角度,粘液
金银,电影灯光,热带雨林,现代中式,,丽贝卡·路易斯·劳,,迈克·格雷尔,罗伯特·德劳内,朱利叶斯·舒尔曼,黑泽明,,,中世纪建筑,Kemonomimi 动,穆查,,流行朋克,象牙雕刻,极端特写肖像,玻璃
黑金,梦幻灯光,冰雪王国,极限主义,,彼得·费施利,,迈克·普鲁格,雷蒙德·利奇,杰里·尤尔斯曼,阿尔弗雷德·希区柯克,,,中世纪艺术,琪琪的送货服务,盖伊,,沙滩装扮,镶嵌,高角度,珐琅
象牙白,明亮的,近未来城市,日式混北欧,,拉沙德·阿拉克巴罗夫,,迈克·德奥达托,伦勃朗·哈门松·范·莱恩,约瑟夫·苏德克,亚历杭德罗·佐杜洛夫斯基,,,巨型结构,Kodomomuke动漫,福克斯,,波西米亚,高角度,全身高度肖像,液体黄金
莫兰迪色,暖光,中世纪城堡,日式混北欧,,雷切尔·怀特雷德,,迈克·米格诺拉,雷·唐利,约瑟夫·考德尔卡,诺兰,,,洛莫摄影,兽之友,瓦罗,,民间风,红外摄影,,流体
粉白,太阳光,赛博朋克城,折衷主义,,保罗·麦卡锡,,迈克·贾奇,拉斐尔,乔尔·彼得·威特金,迪多纳托,,,魔幻现实主义,柔术海战,特兰,,民族服装,格热尔陶瓷,,毛茸茸
白黄,斑驳光线,雪山,工业风,,白南准,,迈克·梅休,拉乌尔·德凯泽,杰米·鲍德里奇,范安森,,,大地艺术,卡哇伊动漫风格,波提切利,,欧洲风,植物标本室,,彩虹色
粉彩色,荧光,酒吧,奥拓瓦格纳,,帕特里夏·皮奇尼尼,,迈克尔·卡卢塔,拉蒙·卡萨斯,詹姆斯·范德泽,莱恩约翰逊,,,马杜巴尼绘画,JoJo的奇妙冒险,波提切利,,正装,怪诞挂毯,,彩色玻璃
白红,丁达尔效应,街景,基克拉迪,,莫娜·哈图姆,,迈克·奥尔雷德,拉斐尔·索耶,贾内克·塞德拉,维伦纽瓦,,,低保真摄影,城圣动漫风格,沃尔,,柴油朋克,胶印,,塑料
米色,荧光灯,草地,解构主义,,迈克·凯利,,迈克尔·惠兰,拉尔夫·布莱克洛克,詹姆斯·巴洛格,罗德里格兹,,,超现实主义,地狱少女,歌川国定,,极简,手绘彩色照片,,冰
白金,背光,网球场,哥特式建筑,,毛里齐奥·卡特兰,,米哈尔·卡尔茨,雷蒙多·德·马德拉索·加,扬·绍德克,约翰逊,,,伊斯兰建筑,犬屋敷,沃森,,极简主义,灰色画,,,
白紫,美丽的照明,草原,华丽室内,,马修·巴尼,,莫里茨·科内利斯·埃舍尔,R·肯顿·纳尔逊,雅克·亨利·拉蒂格,米歇尔冈瑞,,,詹姆士一世时期的建筑,星际5555,比拉尔,,朋克摇滚,灰度,,,
白绿,紫外线,海滩,印度风情,,马丁·克里德,,麦克斯菲尔德·帕里什,昆特·布赫霍尔兹,詹姆斯·纳奇威,皮埃尔热内,,,卡利亚特绘画,时代物动漫风格,格雷,,机甲装,石墨拉丝,,,
白,硬光,湖泊,北欧室内,,马克·奎因,,马克斯·弗莱舍,彼得·孔查洛夫斯基,艾萨克·科达尔,科波拉,,,工业摄影,哈尔的移动城堡,柯比,,机车装,水粉颜料,,,
珊瑚色,电发光线,沙漠,北欧建筑,,莱安德罗·埃利希,,迈克尔·文森特·马纳洛,齐白石,欧文·佩恩,法米克詹森,,,印象派,全职猎人,格尔,,朋克风,涂鸦,,,
奢华金,白昼光,海底,日式园林,,路易丝·布尔乔亚,,玛丽·塞维林,彼特·蒙德里安,杰克·斯宾塞,爱德华诺顿,,,嬉皮时尚,J恐怖动漫风格,杰里米曼,,暴走族,戈布兰挂毯,,,
,电磁音波,森林,禅宗室内,,乔安娜·瓦斯康塞洛斯,,马特分数,皮埃尔·波纳尔,伊莫金·坎宁安,明格拉,,,超现代主义,犬夜叉,村田雄介,,日本街头,佛兰德挂毯,,,
,熔岩光,未来都市,现代中式,,贾森·罗德斯,,马特·格勒宁,皮埃尔·约瑟夫·雷杜特,伊尔斯·宾,朴赞郁,,,希腊建筑,地狱警察,斯特鲁赞,,新哥特装,熔融玻璃,,,
,环境光,天空,新艺术运动,,詹姆斯·李·拜尔斯,,马蒂亚斯·阿道夫森,皮耶罗·德拉·弗朗西斯卡,赫伯特·李斯特,林克莱特,,,格里姆达克,荒川弘,戈雅,,明亮的,闪光绘图,,,
,烛光,未来城市,包豪斯室内,,雅各布·桥本,,马特·博尔斯,皮埃尔·奥古斯特·雷诺阿,格特鲁德·卡塞比尔,德尔托罗,,,哥特式艺术,赫尔辛,托米尼,,时尚风,时尚插画,,,
,火光,冰川,新未来主义,,亨利·摩尔,,莫里斯·森达克,保拉·雷戈,亨利·卡蒂埃·布列松,斯图尔特,,,贡德画,一炮一炮,戈尔基,,斯卡服装,时尚素描,,,
,灰尘,奇幻森林,参数化建筑,,艾萨克·朱利安,,路易斯·罗约,皮埃尔·苏拉吉,赫伯·里茨,库斯图里察,,,哥特式建筑,高达,惠斯勒,,拉丁风,雕刻,,,
,泛光灯,大草原,粉彩色室内,,格哈德·里希特,,马乔里·米勒,保拉·莫德森-贝克尔,海伦·莱维特,库布里克,,,分形艺术,天元螺岩,思穆克,,文艺复兴,蚀刻,,,
,激励照明,冰山,芭比室内,,汉斯·哈克,,马丁·安辛,保罗·塞尚,赫尔穆特·牛顿,尼尔森,,,哥特时尚,永井刚,康定斯基,,折中风,彩漆,,,
,激光,冬季森林,理性主义,,加布里埃尔·道维,,马克·凯茨比,彼得·格里克,哈里·卡拉汉,奈特沙马兰,,,放克艺术,《罪恶装备》Xrd RE,德拉纳,,抑郁风,杜菲彩色照片,,,
,核废料光,游泳池,理性主义,,弗朗茨·韦斯特,,马克·戴维斯,彼得·保罗·鲁本斯,戈登帕克斯,大卫林奇,,,民间艺术,萤火虫之墓,彭宁顿,,恶霸风,干刷绘图,,,
,月光,雨天背景,植物亲和力,,埃内斯托·内托,,洛特·雷尼格,保罗·查巴斯,盖·阿罗克,塔西姆辛,,,魅力时尚,银魂,弗朗切斯卡,,异域风情,装饰,,,
,手电筒,赛博空间,极简主义,,欧文·沃姆,,玛嘉·莎塔碧,帕特·斯泰尔,汉斯·贝尔默,吴宇森,,,法医摄影,攻壳机动队,库沙特,,忍者装,银版照相法,,,
,星空,赌场,新未来主义,,艾伦·朱厄特,,马克·西蒙内蒂,保罗·卡德摩斯,格雷戈里·科尔伯特,佐杜洛夫斯基,,,法尤姆肖像,盖奇曼,广重,,嬉皮风,交叉处理打印,,,
,戏剧化灯光,舞厅,复古室内,,徐道浩,,马克·西尔维斯特里,保罗·科菲尔德,加里·温诺格兰德,吕克贝松,,,时尚摄影,原神,布鲁盖尔,,常春藤,抠图动画,,,
,放射性发光,羽毛球馆,戈吉室内,,大卫·斯普里格斯,,丽莎弗兰克,奥托·迪克斯,格拉谢拉·伊图尔维德,卡梅隆,,,野兽派,剧画动漫风格,布兰德兄弟,,女牛仔,钩编,,,
,发光,电梯里,戈吉建筑,,爱德华·金霍尔兹,,路易斯·范巴尔勒,巴勃罗毕加索,杰夫·科恩,,,,柴油朋克,银河铁道999,巴泽利茨,,巴黎风,黄昏射线,,,
,夜总会照明,火车站,当代建筑,,丹·科伦,,莱斯·爱德华兹,帕尔·斯兹尼·梅尔斯,埃米特·高文,,,,表现主义,高盖噶尔,巴舍利耶,,帝国剪裁,蜡笔画,,,
,夜光,游戏厅,基克拉迪,,科妮莉亚·帕克,,琪琪·史密斯,奥斯卡·科科施卡,费伊·戈德温,,,,仙女凯时尚,全金属炼金术士,安娜图,,少女风,嘉年华玻璃,,,
,反射光,游乐场,中式赛博,,科里大天使,,库尔特·施维特斯,奇怪的尼德鲁姆,弗朗西斯卡·伍德曼,,,,表现主义建筑,学园动漫风格,埃格尔顿,,实用风,胶印版画,,,
,双重灯光,机场,参数化室内,,克里斯蒂安·波尔坦斯基,,拉里·埃尔莫尔,尼古拉斯·梅斯,格尔达·塔罗,,,,情绪时尚,最终幻想VII,塞韦索,,孕妇装,粉笔画,,,
,化学发光,教室,丹麦室内,,盐田千春,,松本零二,奥列格·舒普利亚克,乔治·赫勒尔,,,,解构主义,甘茨,声之形,,宝莱坞,中国书法,,,
,前灯,废墟,沃尔特-格罗皮乌斯,,布鲁斯·瑙曼,,莱昂内托·卡皮耶罗,奥拉齐奥·真蒂莱斯基,弗里茨·亨利,,,,水晶立体主义,命运,图尔,,安卡拉,尚蒂伊蕾丝,,,
,午夜,废弃城市群,维克托-奥尔塔,,蔡国强,,小鹿和夫,诺曼·艾克罗伊德,艾蒂安-朱尔斯·马雷,,,,赛博哥特时尚,命运零,哈里斯,,太阳能未来,Bromoil 印花,,,
,分离照明,商场,文森特-卡莱博特,,布赖恩·容根,,劳伦·浮士德,奥田生力啤酒,尤金尼奥·雷库恩科,,,,达达运动,FLCL,吉田明彦,,多彩头发,Calotype 印刷品,,,
,内发光,家庭办公室,瓦莱里奥-奥尔贾蒂,,伯恩诺特·斯米尔德,,凯莉·苏·德康尼克,尼古拉·萨莫里,欧文·奥拉夫,,,,黑暗学院时尚,福音战士,佛劳德,,城市风,酸妖艺术,,,
,光追反射,卧室,伊东丰雄,,比尔·维奥拉,,凯文·伊士曼,诺曼·洛克威尔,埃伦·冯·翁沃斯,,,,当代艺术,尤里卡七号,卡洛,,多可爱风,阿拉伯书法,,,
,关键照明,反乌托邦,坂茂,,安妮特鲁伊特,,金正基,大久保直美,埃利奥特·厄维特,,,,角色扮演时尚,因此代理,前拉斐尔派,,坏女孩装扮,阿拉伯风情,,,
,上方射下光,厨房,理查德-罗杰斯,,安尼什·卡普尔,,约翰·肯恩·莫滕森,奥克塔维奥·奥坎波,爱德华·韦斯顿,,,,建构主义,精灵之歌,卡拉瓦乔,,凯尔特,水印版画,,,
,三点光,医院,理查德-迈尔,,阿尔弗雷多·贾尔,,小约翰·罗米塔,尼古拉斯·范·韦伦达尔,爱德华·柯蒂斯,,,,景泰蓝主义,龙珠Z 卡卡罗特,凯新格,,坎帕拉风,炭印,,,
,低调照明,办公室,罗伯特-文丘里,,亚历山大·考尔德,,卡瓦西,尼克·阿尔姆,爱德华·拉斯查,,,,天主教图标,龙珠Z,马克莱登,,商务休闲,相纸印刷,,,
,阳光照射,充满阳光,伦佐-皮亚诺,,阿尔贝托·贾科梅蒂,,伊藤润二,尼古拉斯·罗里奇,Edward S. Cu,,,,石洞壁画,名侦探柯南,克拉姆,,哥特装,气溶胶涂料,,,
,隔光板,干净背景,雷姆-库哈斯,,,,梅津一夫,服部直人,爱德华·斯泰肯,,,,骑车时尚,多罗埃多罗,亨特,,可爱风,酸性电子,,,
,重点照明,,菲利普-约翰逊,,,,约翰·布西马,尼古拉斯·海利·哈钦森,多萝西娅·兰格,,,,拜占庭式建筑,哆啦A梦,休莱特,,原宿风,霓虹风格,,,
,自然照明,,保罗-索莱里,,,,约翰·豪,米哈伊尔·内斯特罗夫,吉加·维尔托夫,,,,铸铁结构,恶魔人爱哭鬼,迪特曼,,双丸子头,通感艺术,,,
,轮廓光,,奥托-瓦格纳,,,,约翰·鲍尔,娜奥米·泰德曼,埃德沃德·迈布里奇,,,,波西米亚风时尚,死亡笔记,艾尔特,,凯尔特,,,,
,背景虚化,,奥斯卡-尼迈耶,,,,琼·冯特库伯塔,摩西·索耶,杜安·迈克尔斯,,,,巴洛克风格,恶魔杀手,米勒,,前沿装扮,,,,
,聚光灯,,摩西-萨夫迪,,,,杰西卡·罗西尔,莫里斯·路易斯,多拉·玛尔,,,,垮掉的一代时尚,黑暗的灵魂,聂利,,八十年代,,,,
,工作室照明,,诺曼-福斯特,,,,让-巴蒂斯特·蒙日,莫伊斯·基斯林,达亚尼塔·辛格,,,,包豪斯,星际牛仔,真昼,,优雅风,,,,
,柔光,,弗兰克-劳埃德-赖特,,,,杰夫·史密斯,莫迪凯·阿尔东,克里斯托夫·雅克罗,,,,巴洛克式建筑,反叛鲁斯,康定斯基,,军装,,,,
,晨光,,马塞尔-布劳尔,,,,吉姆·斯特兰科,米哈伊尔·弗鲁贝尔,唐·麦库林,,,,天文摄影,克兰纳德,朱艾特,,优雅风,,,,
,暖光,,路易-沙利文,,,,杰里·平克尼,马克斯·利伯曼,黛安·阿勃丝,,,,原子朋克,追逐失落声音的孩子们,洛夫克拉夫,,优雅奢华,,,,
,冷光,,路德维希-密斯-凡德罗,,,,杰夫·伊斯利,米开朗基罗·皮斯托莱托,德克·布莱克曼,,,,新艺术风格建筑,恶魔城,勒维特,,书呆子,,,,
,光粒子,,隈研吾,,,,雅克·塔尔迪,迈克·达尔加斯,克里斯·弗里尔,,,,新艺术风格,电锯人,天野喜孝,,休闲,,,,
,全局光,,康斯坦丁-梅尔尼科夫,,,,茉莉·贝克特·格里菲斯,莫里斯·德·弗拉芒克,丹尼·里昂,,,,古代艺术,赤壁动漫风格,巴斯奎特,,乡村风,,,,
,斑驳光线,,让-努维尔,,,,杰米·休利特,米哈伊尔·拉里奥诺夫,达乌德·贝伊,,,,航拍,血源诅咒,阿普,,中性装扮,,,,
,体积光,,哈里-塞德勒,,,,让·吉罗,米卡琳·托马斯,大卫·贝利,,,,抽象主义,漂白,加梅尔,,九十年代,,,,
,伦勃朗光,,弗兰克-盖里,,,,詹姆斯·克里斯滕森,莫里斯·丹尼斯,科利尔·肖尔,,,,韩国流行时尚,黑泻湖,伊顿,,马甲,,,,
,镜头光晕,,阿尔瓦-阿尔托,,,,杰克·欧曼,玛丽·海尔曼,克劳德·卡洪,,,,原宿时尚,狂暴,切克利,,齐刘海,,,,
,梦幻灯光,,埃罗-沙里宁,,,,哈维·库兹曼,莫里斯·郁特里罗,切斯特·希金斯,,,,高级时装时尚,责备,霍沃尔,,两千年,,,,
,高调照明,,巴克明斯特-富勒,,,,杰克·戴维斯,莫里斯·萨皮罗,兔子·耶格尔,,,,垃圾时尚,黑执事,高桥留美子,,连衣裙,,,,
,氛围感照明,,大卫-奇普菲尔德,,,,伊万·比利宾,马萨乔,切玛·马多兹,,,,嘻哈时尚,赤脚一代,蒂默曼斯,,锅盖头,,,,
,电影灯光,,安东尼-高迪,,,,吉尔·凯恩,寺冈雅美,凯莉·梅·威姆斯,,,,折衷主义建筑,小岛彩美,葛饰北斋,,辫子,,,,
,明亮的,,阿道夫-卢斯,,,,霍普·冈格洛夫,玛丽·简·安塞尔,布鲁斯·戴维森,,,,建构主义建筑,巴卡诺,迪克斯,,运动服,,,,
,太阳光,,圣地亚哥-卡拉特拉瓦,,,,亨德里克·戈尔齐乌斯,玛丽·布拉迪什·蒂特科姆,伯特·格林,,,,风格派,化物语,肖恩坦,,脏辫,,,,
,丁达尔效应,,安藤忠雄,,,,伊斯梅尔·因乔格鲁,马蒂罗斯·萨里扬,布鲁斯·韦伯,,,,野蛮主义,东漫画大王,罗塞特,,衬衫,,,,
,美丽的照明,,里卡多-波菲,,,,宫崎骏,玛丽·费登,卡尔顿沃特金斯,,,,概念艺术,最后的气宗阿凡达,爱舍尔,,耳后发,,,,
,荧光灯,,扎哈-哈迪德,,,,乔治·巴比尔,马丁·基彭伯格,布兰登·沃尔费尔,,,,生物朋克,进击的泰坦,波洛克,,背心,,,,
,背光,,史蒂文-霍尔,,,,谏山创,马丁·威特福特,贝蒂娜·兰斯,,,,前卫时尚,动漫风格,科拉森,,裙子,,,,
,电磁音波,,彼得-祖姆索尔,,,,格里斯·格里姆利,马丁·约翰娜,比尔·汉森,,,,现代艺术建筑,阿童木,比尔斯里,,耳前发,,,,
,荧光,,迈克尔-格雷夫斯,,,,格伦·基恩,马克·莱登,布鲁克·沙登,,,,ASCII 艺术,天使节拍,盖伦,,短马尾,,,,
,硬光,,勒-柯布西耶,,,,加里·特鲁多,马丁·格雷尔,比尔·吉卡斯,,,,生态学,阿基拉,格里菲斯,,童装,,,,
,紫外线,,路易斯-卡恩,,,,杰拉德·布罗姆,马琳·杜马斯,伯特·哈迪,,,,建筑摄影,王牌律师,波斯,,短发,,,,
,白昼光,,丹下健三,,,,杰夫·琼斯,马克·托比,贝丝·哈米蒂,,,,2010年代时尚,阿尔诺亚零,曼特洛,,睡衣,,,,
,环境光,,詹姆斯-斯特林,,,,吉尔·埃尔夫格伦,马克·罗斯科,贝热尼丝·阿博特,,,,2020年代时尚,爆炸头武士,惠特摩尔,,泳装,,,,
,熔岩光,,Isamu Noguch,,,,加布里埃尔·帕切科,马克·拉格,贝拉·科塔克,,,,2000 年代时尚,某魔法指数,新川洋司,,牛仔服,,,,
,烛光,,埃托雷-索特萨斯,,,,杨吉恩,马克·科斯塔比,安妮·布里格曼,,,,20 世纪 80 年代时,,拉斯罗普,,皮夹克,,,,
,火光,,比雅克-英格尔斯,,,,格迪米纳斯·普兰克维丘斯,马克·基思利,奥古斯特·桑德,,,,20 世纪 60 年代时,,巴斯奎特,,湿发,,,,
,电发光线,,丹尼尔-里伯斯金,,,,弗兰克·曹,马克·汉森,阿拉古勒,,,,20世纪90年代时尚,,彼得巴吉,,毛衣,,,,
,灰尘,,伯纳德-楚米,,,,弗兰克·奎特利,马克·布拉德福德,亚瑟·埃尔格特,,,,20 世纪 70 年代时,,多纳泰罗,,夹克,,,,
,泛光灯,,亚历杭德罗-阿拉维纳,,,,弗兰克·弗雷泽塔,马克·布里斯科,安东·科尔宾,,,,20 世纪 50 年代时,,克拉斯纳,,披肩发,,,,
,激励照明,,阿尔瓦罗-西扎,,,,弗兰克·米勒,马克·格特勒,安妮莱博维茨,,,,20 世纪 40 年代时,,伯顿,,寸头,,,,
,核废料光,,,,,,法雷尔·达尔林普尔,玛丽安·斯托克斯,安卡·朱拉夫莱娃,,,,20世纪30年代时尚,,伊利亚,,双马尾,,,,
,激光,,,,,,弗朗西斯科·弗兰卡维拉,马克·德姆斯特德,安格斯·麦克比恩,,,,20 年代时尚,,保罗克利,,头发遮眼,,,,
,月光,,,,,,埃梅克·戈兰,莱昂诺·菲尼,安德烈亚斯·费宁格,,,,1910 年代时尚,,霍克尼,,外套,,,,
,星空,,,,,,失败,马克·夏加尔,阿尔弗雷德·施蒂格利茨,,,,后现代建筑,,蔡国强,,大衣,,,,
,戏剧化灯光,,,,,,恩基·比拉尔,玛格丽特·奥利,阿尔文·兰登·科伯恩,,,,超现实主义,,蒙德里安,,卫衣,,,,
,放射性发光,,,,,,恩斯特·海克尔,玛格丽特·普雷斯顿,安德烈·德·迪内斯,,,,现代主义,,马蒂斯,,光头,,,,
,夜总会照明,,,,,,艾尔莎·贝斯科夫,玛格丽特·基恩,安德斯·彼得森,,,,后极简主义,,达芬奇,,交错刘海,,,,
,手电筒,,,,,,艾德·罗斯,玛吉·汉布林,安藤·福克斯,,,,极简主义,,白南淳,,丸子头,,,,
,化学发光,,,,,,尾田荣一郎,卢西安·弗洛伊德,阿莱西奥·阿尔比,,,,爱奥尼亚建筑,,艾佛里,,T恤衫,,,,
,反射光,,,,,,爱德华·塔夫特,马尔科姆·蒂斯代尔,阿尔伯特·伦格-帕茨奇,,,,极简主义建筑,,莫奈,,露牙切齿,,,,
,夜光,,,,,,爱德华·李尔,柳博夫·波波娃,阿尔弗雷德·切尼·约翰斯,,,,字母主义,,草芥弥生,,香奈儿,,,,
,光追反射,,,,,,达斯汀·阮,MF侯赛因,亚历克斯·蒂默曼斯,,,,高科技建筑,,莫拉,,闭眼,,,,
,发光,,,,,,艾德·皮斯科,小尤里,亚历克斯·豪伊特,,,,戈普尼克时尚,,玛格丽特,,迪奥,,,,
,双重灯光,,,,,,埃德蒙·杜拉克,利奥诺拉·卡林顿,阿兰·拉博伊尔,,,,未来主义,,洛伊什,,阿玛尼,,,,
,午夜,,,,,,爱德华·戈里,刘小东,阿韦拉多·莫雷尔,,,,数字拼贴,,森山大道,,蔑视,,,,
,前灯,,,,,,埃迪·坎贝尔,列昂尼德·阿夫雷莫夫,阿拉斯代尔·麦克莱伦,,,,故障艺术,,润二,,路易威登,,,,
,分离照明,,,,,,德鲁·布罗菲,利奥·普茨,阿德里安·多诺霍,,,,赛博朋克,,毕加索,,芬迪,,,,
,低调照明,,,,,,埃德·埃姆什维勒,列奥纳多·达·芬奇,亚伦·西斯金德,,,,装饰艺术建筑,,欧文沃姆,,范思哲,,,,
,内发光,,,,,,德鲁·斯特鲁赞,李博格尔,阿道夫·法斯宾德,,,,非洲未来主义,,村上隆,,脸红的,,,,
,上方射下光,,,,,,诺雷姆伯爵,莱昂·斯皮利亚特,保罗·巴森,,,,天文朋克,,梵高,,纪梵希,,,,
,关键照明,,,,,,唐·梅兹,肯·霍华德,尼克·维西,,,,艺术装饰,,林德伯格,,疯狂,,,,
,三点光,,,,,,迪恩·埃利斯,劳伦斯·阿尔玛·塔德玛,橄榄棉,,,,抽象表现主义,,梅杰,,瞪大眼,,,,
,自然照明,,,,,,唐罗莎,基思·马利特,内勒克·彼得斯,,,,,,弗兰克,,气愤,,,,
,隔光板,,,,,,多纳托·詹科拉,L·伯奇·哈里森,乔恩·米利,,,,,,威吉,,疼痛,,,,
,阳光照射,,,,,,唐·布鲁斯,凯莉·维万科,娜塔莉亚·德雷皮娜,,,,,,弗里斯,,疑惑,,,,
,重点照明,,,,,,丹·芒福德,LS洛瑞,安塔纳斯·苏库斯,,,,,,彼得萨维尔,,眼下斑,,,,
,晨光,,,,,,大卫·麦克,高松一树,伯特·斯特恩,,,,,,博奇尔,,爱马仕,,,,
,柔光,,,,,,大卫·芬奇,基思·哈林,安妮·格迪斯,,,,,,安德森,,泪水,,,,
,轮廓光,,,,,,大卫·威斯纳,白发一夫,扎内尔·穆霍利,,,,,,奈良美智,,挑眉,,,,
,背景虚化,,,,,,丹·希普,凯欣德·威利,安塞尔·亚当斯,,,,,,哈林,,普拉达,,,,
,聚光灯,,,,,,丹妮拉·乌利格,卡罗尔·巴克,阿尔伯特·沃森,,,,,,塩田千春,,恶魔笑,,,,
,工作室照明,,,,,,戴夫·吉本斯,卡齐米尔·马列维奇,维克多·恩里奇,,,,,,保罗勒尔,,得意,,,,
,冷光,,,,,,戴夫·麦基恩,凯瑟琳·莫里斯·特罗特,泽娜·霍洛威,,,,,,昏厥,,恶魔眼,,,,
,全局光,,,,,,戴夫·佩里洛,卡拉·沃克,艾丽莎·拉泽尔,,,,,,伊万,,张嘴,,,,
,镜头光晕,,,,,,西里尔·罗兰多,卡尔·弗里德里希·辛克尔,威廉韦格曼,,,,,,歌川广重,,恶心,,,,
,光粒子,,,,,,丹·克洛斯,何塞·克莱门特·奥罗斯科,张静娜,,,,,,凯瑟·珂勒惠支,,异色瞳,,,,
,体积光,,,,,,丹·马图蒂纳,约瑟芬·沃尔,蒂姆·沃克,,,,,,丰塔纳,,开心泪水,,,,
,高调照明,,,,,,丹·希利尔,卡迪尔·纳尔逊,威廉·埃格尔斯顿,,,,,,雅克·卡洛,,巴黎世家,,,,
,伦勃朗光,,,,,,克莱德考德威尔,约翰·辛格·萨金特,维罗妮卡·平克,,,,,,乔纳森·巴恩布鲁克,,宝缇嘉,,,,
,电影灯光,,,,,,科尔斯菲利普斯,约翰·威廉·沃特豪斯,萨莎·戈德伯格,,,,,,古斯塔夫·多尔,,巴宝莉,,,,
,氛围感照明,,,,,,科里·洛夫蒂斯,约翰·霍伊兰,泰勒·希尔兹,,,,,,恩斯特·巴拉克,,失望的,,,,
,梦幻灯光,,,,,,科比·惠特莫尔,约翰内斯·维米尔,斯宾塞·图尼克,,,,,,弗兰克·斯特拉,,圣罗兰,,,,
,明亮的,,,,,,克雷格·马林斯,扬·斯蒂恩,斯嘉丽·霍夫特·格拉夫兰,,,,,,伊丽莎白·卡特莱特,,喝醉的,,,,
,暖光,,,,,,克雷格·戴维森,杰克逊·波洛克,桑迪·斯科格伦德,,,,,,阿尔弗雷德·库宾,,嚣张,,,,
,斑驳光线,,,,,,康拉德·罗塞特,约翰内斯·科内利斯·韦斯,雷切尔·麦克莱恩,,,,,,歌川国贞,,噘嘴,,,,
,太阳光,,,,,,查克·克洛斯,吉米·劳勒,理查德·米斯拉奇,,,,,,拉维·祖帕,,生气,,,,
,丁达尔效应,,,,,,克里斯·范·奥尔斯伯格,扬·凡·艾克,任航,,,,,,葛饰北斋,,古驰,,,,
,,,,,,,克里斯·戴尔,让-米歇尔·巴斯奎特,保罗·齐兹卡,,,,,,川边恭斋,,傻笑,,,,
,,,,,,,克里斯·里德尔,珍妮·玛曼,皮埃尔和吉尔斯,,,,,,阿尔布雷希特·丢勒,,华伦天奴,,,,
,,,,,,,克里斯·摩尔,杰里米·曼,佩特拉·柯林斯,,,,,,斯坦利·威廉·海特,,讨厌,,,,
,,,,,,,克里斯·福斯,珍妮特·希尔,帕蒂·马赫,,,,,,伊藤信水,,残酷,,,,
,,,,,,,克里斯·巴查洛,詹姆斯·麦金托什·帕特里,保罗·富斯科,,,,,,帕特里克·考菲尔德,,欣喜若狂,,,,
,,,,,,,查尔斯·伯恩斯,雅库布·斯卡内德,奥利维亚·洛彻,,,,,,安妮·阿尔伯斯,,开心,,,,
,,,,,,,屠夫比利,杰克·惠顿,奥利维尔·瓦尔塞基,,,,,,约瑟夫·阿尔伯斯,,惊讶,,,,
,,,,,,,查尔斯·舒尔茨,雅克·维庸,米莎·戈丁,,,,,,,,悲伤,,,,
,,,,,,,查尔斯·亚当斯,雅克·洛朗·阿加塞,尼克·奈特,,,,,,,,哭,,,,
,,,,,,,查理·鲍沃特,雅采克·耶尔卡,奥列格·奥普里斯科,,,,,,,,兴奋,,,,
,,,,,,,卡尔·巴克斯,杰克·维特里亚诺,尼古拉斯·休斯,,,,,,,,,,,,
,,,,,,,卡恩·格里菲斯,伊万·奥尔布赖特,纳达夫·坎德,,,,,,,,,,,,
,,,,,,,塞西莉·玛丽·巴克,JC莱恩德克,莫妮娅·梅洛,,,,,,,,,,,,
,,,,,,,凯瑟琳·海德,伊万·希什金,迈克尔·韦斯利,,,,,,,,,,,,
,,,,,,,布鲁斯·彭宁顿,伊万·艾瓦佐夫斯基,迈尔斯·奥尔德里奇,,,,,,,,,,,,
,,,,,,,希尔德布兰特兄弟,亨利·奥萨瓦·坦纳,迈克尔·谢恩布卢姆,,,,,,,,,,,,
,,,,,,,布莱恩·K·沃恩,伊万·马丘克,浅井美纪,,,,,,,,,,,,
,,,,,,,卡洛斯·克鲁兹-迪兹,伊利亚·列宾,马蒂亚斯·荣格,,,,,,,,,,,,
,,,,,,,卡拉斯·约努特,艾萨克·列维坦,马丁·舍勒,,,,,,,,,,,,
,,,,,,,布莱恩·希奇,艾萨克·迈蒙,迈克尔·肯纳,,,,,,,,,,,,
,,,,,,,布鲁斯·蒂姆,伊恩·达文波特,马丁·帕尔,,,,,,,,,,,,
,,,,,,,格林兄弟,伊利亚·马什科夫,玛丽莲·明特,,,,,,,,,,,,
,,,,,,,比尔·显克维奇,霍勒斯·韦尔内,曼迪·迪舍尔,,,,,,,,,,,,
,,,,,,,鲍里斯·瓦列霍,希罗尼穆斯·博斯,杰夫·沃尔,,,,,,,,,,,,
,,,,,,,布莱恩·M·维韦罗斯,人力资源吉格尔,利亚姆·黄,,,,,,,,,,,,
,,,,,,,布赖恩·德斯潘,亨利·德·图卢兹·劳特累,马尔辛·索巴斯,,,,,,,,,,,,
,,,,,,,布赖恩·博兰,汉斯·马卡特,玛雅·弗洛尔,,,,,,,,,,,,
,,,,,,,博扬·耶夫蒂奇,亨利·埃德蒙·克罗斯,拉里·苏丹,,,,,,,,,,,,
,,,,,,,比尔·沃特森,汉斯·扎茨卡,洛朗·巴赫,,,,,,,,,,,,
,,,,,,,鲍勃·莱泽尔,朱塞佩·阿尔钦博托,杰米霍克斯沃斯,,,,,,,,,,,,
,,,,,,,鲍勃·埃格尔顿,汉斯·巴尔东,凯伦·克诺尔,,,,,,,,,,,,
,,,,,,,贝丝·康克林,古斯塔夫·卡耶博特,朱莉·布莱克蒙,,,,,,,,,,,,
,,,,,,,碧翠丝·波特,乔治·布拉克,乔尔·迈耶罗维茨,,,,,,,,,,,,
,,,,,,,本·坦普尔史密斯,乔瓦尼·贝利尼,伊万·班恩,,,,,,,,,,,,
,,,,,,,伯尼·赖特森,乔治·卢克斯,因娜·莫西纳,,,,,,,,,,,,
,,,,,,,巴斯蒂安·勒库夫-德阿姆,乔治·英尼斯,加布里埃尔·维尔特尔,,,,,,,,,,,,
,,,,,,,奥斯汀·奥斯曼 备用,加布里埃尔·梅苏,杉本博司,,,,,,,,,,,,
,,,,,,,巴兹尔沃尔弗顿,乔治·贝洛斯,休·克莱奇默,,,,,,,,,,,,
,,,,,,,巴兹尔·戈戈斯,乔治·弗雷德里克·瓦茨,哈罗德·埃哲顿,,,,,,,,,,,,
,,,,,,,巴克莱·肖,盖尔·波托茨基,盖伊·伯丁,,,,,,,,,,,,
,,,,,,,芭芭拉·克鲁格,傅抱石,格雷戈里·克鲁森,,,,,,,,,,,,
,,,,,,,阿什利·伍德,弗里达·卡罗,戈特弗里德·赫尔温,,,,,,,,,,,,
,,,,,,,奥布里·比尔兹利,弗雷德里克·罗德·莱顿,弗里克·詹森斯,,,,,,,,,,,,
,,,,,,,奥尔辛斯基工作室,弗里茨·索罗,弗兰斯·兰廷,,,,,,,,,,,,
,,,,,,,阿克塞尔·谢夫勒,弗雷德里克·埃德温·丘奇,菲利普·杜雅尔丁,,,,,,,,,,,,
,,,,,,,亚瑟·萨尔诺夫,弗兰克·奥尔巴赫,弗兰克·霍瓦特,,,,,,,,,,,,
,,,,,,,奥斯汀·布里格斯,弗朗茨·克莱恩,弗洛拉·博尔西,,,,,,,,,,,,
,,,,,,,阿特·斯皮格曼,弗兰茨·马克,埃琳娜·布拉瑟斯,,,,,,,,,,,,
,,,,,,,阿瑟·亚当斯,弗朗茨·克萨韦尔·温特哈,费利西亚·西蒙,,,,,,,,,,,,
,,,,,,,安东·奥托·费舍尔,弗朗茨·塞德拉切克,欧文·布卢门菲尔德,,,,,,,,,,,,
,,,,,,,阿尔特杰姆,菲利皮诺·里皮,何帆,,,,,,,,,,,,
,,,,,,,阿伦·维森菲尔德,弗朗索瓦·布歇,埃兹拉·斯托勒,,,,,,,,,,,,
,,,,,,,安娜和埃琳娜·巴尔布索,弗朗西斯·毕卡比亚,埃里克·马迪根·赫克,,,,,,,,,,,,
,,,,,,,阿波罗尼亚·圣克莱尔,弗朗西斯科·戈雅,艾尔莎·布莱达,,,,,,,,,,,,
,,,,,,,安妮·斯托克斯,法式培根,恩斯特·哈斯,,,,,,,,,,,,
,,,,,,,安东尼奥·莫拉,欧内斯特·哈姆林·贝克,伊丽莎白·加德,,,,,,,,,,,,
,,,,,,,安东·谢苗诺夫,埃丝特·毕沙罗,大卫·拉切贝尔,,,,,,,,,,,,
,,,,,,,安妮·巴什利尔,法比安·佩雷斯,大卫·伯登尼,,,,,,,,,,,,
,,,,,,,安迪·辛格,费尔南德·克诺普夫,艾德·弗里曼,,,,,,,,,,,,
,,,,,,,安迪·费尔赫斯特,恩斯特·路德维希·基什内,爱德华·伯廷斯基,,,,,,,,,,,,
,,,,,,,艾莉森·贝克德尔,菲利西安·罗普斯,克里斯托弗·瑞安·麦肯尼,,,,,,,,,,,,
,,,,,,,安德鲁·费雷兹,埃里克·齐纳,克里斯·伯卡德,,,,,,,,,,,,
,,,,,,,安德鲁·罗宾逊,埃莉诺·福蒂斯丘-布里克,森山大道,,,,,,,,,,,,
,,,,,,,阿纳托·芬斯塔克,伊诺克·博勒斯,辛迪·谢尔曼,,,,,,,,,,,,
,,,,,,,亚历克斯·马列夫,格列柯,克里斯坎宁安,,,,,,,,,,,,
,,,,,,,艾米·厄尔斯,埃贡·席勒,布鲁克·迪多纳托,,,,,,,,,,,,
,,,,,,,亚历克斯·罗斯,爱德华·罗伯特·休斯,布鲁诺·巴贝,,,,,,,,,,,,
,,,,,,,安德烈亚斯·维萨里,爱德华·伯恩-琼斯,卡尔克莱纳,,,,,,,,,,,,
,,,,,,,亚历山大·罗德钦科,埃德温·奥斯汀·阿比,布雷特·沃克,,,,,,,,,,,,
,,,,,,,亚历克斯·托特,爱德华·莫兰,卡斯滕·迈耶迪克斯,,,,,,,,,,,,
,,,,,,,亚历山大·詹森,爱德华·蒙克,比尔·德金,,,,,,,,,,,,
,,,,,,,亚历克斯·帕迪,多萝西娅·坦宁,卡米尔·维维尔,,,,,,,,,,,,
,,,,,,,阿尔贝托·塞维索,埃德加·德加,布鲁斯·吉尔登,,,,,,,,,,,,
,,,,,,,亚历克斯·霍利,埃德蒙·莱顿,比尔·勃兰特,,,,,,,,,,,,
,,,,,,,阿莱娜·埃纳米,德米特里·丹麦,安德烈亚斯·莱弗斯,,,,,,,,,,,,
,,,,,,,亚历克斯·赫希,爱德华·马奈,安德烈亚斯·古尔斯基,,,,,,,,,,,,
,,,,,,,阿尔伯特·乌德佐,迭戈·里维拉,伯蒂尔·尼尔森,,,,,,,,,,,,
,,,,,,,艾伦·摩尔,迪诺·瓦尔斯,亚瑟·特雷斯,,,,,,,,,,,,
,,,,,,,艾尔·卡普,丹尼尔·李奇微·奈特,阿诺德·纽曼,,,,,,,,,,,,
,,,,,,,艾伦·戴维斯,迭戈·贝拉斯克斯,安德烈斯·塞拉诺,,,,,,,,,,,,
,,,,,,,阿尔贾菲,科内利斯施普林格,安德烈·克泰斯,,,,,,,,,,,,
,,,,,,,艾尔·赫希菲尔德,达纳·舒茨,艾琳·史密森,,,,,,,,,,,,
,,,,,,,艾伦·李,克莱夫·马奇威克,阿尔弗雷德·艾森斯塔特,,,,,,,,,,,,
,,,,,,,吉田明彦,查尔斯·伯奇菲尔德,安德烈亚斯·弗兰克,,,,,,,,,,,,
,,,,,,,清水裕子,克里斯托弗·RW·内文森,亚历克斯·韦伯,,,,,,,,,,,,
,,,,,,,长尾曜,查尔斯·马里恩·拉塞尔,艾伦·塞库拉,,,,,,,,,,,,
,,,,,,,小池一夫,克里斯蒂安·沙德,亚历克斯·斯特罗尔,,,,,,,,,,,,
,,,,,,,李载,切斯利·博内斯特尔,亚历山德拉·桑吉内蒂,,,,,,,,,,,,
,,,,,,,亚当·休斯,查姆·苏丁,阿拉斯泰尔·马纳尔多,,,,,,,,,,,,
,,,,,,,里卡多·西里,卡罗·克里韦利,亚历克斯·普拉格,,,,,,,,,,,,
,,,,,,,艾琳琼脂,塞西莉·布朗,亚历克·索斯,,,,,,,,,,,,
,,,,,,,安迪·基霍,查尔斯·德穆斯,艾伦·夏勒,,,,,,,,,,,,
,,,,,,,吉姆·马赫福德,查尔斯·安格朗,阿科斯·梅杰,,,,,,,,,,,,
,,,,,,,乔·库伯特,卡尔·霍尔索,,,,,,,,,,,,,
,,,,,,,詹姆斯·里兹,卡拉瓦乔,,,,,,,,,,,,,
,,,,,,,瓦迪姆·卡辛,卡尔·施皮茨韦格,,,,,,,,,,,,,
,,,,,,,哈尔·福斯特,卡斯帕·大卫·弗里德里希,,,,,,,,,,,,,
,,,,,,,亨利·达尔格,布龙齐诺,,,,,,,,,,,,,
,,,,,,,安迪·沃霍尔,卡尔·古斯塔夫·卡鲁斯,,,,,,,,,,,,,
,,,,,,,亚伦·霍基,卡米尔·毕沙罗,,,,,,,,,,,,,
,,,,,,,威廉·S·巴勒斯,卡雷尔·威林克,,,,,,,,,,,,,
,,,,,,,阿比盖尔·拉尔森,卡尔·拉森,,,,,,,,,,,,,
,,,,,,,威廉·雷,卡米尔·柯罗,,,,,,,,,,,,,
,,,,,,,沃利·伍德,卡纳莱托,,,,,,,,,,,,,
,,,,,,,特拉维斯·查雷斯特,坎迪多·波尔蒂纳里,,,,,,,,,,,,,
,,,,,,,弗吉尼亚·弗朗西斯·斯特,凯莉·芬克,,,,,,,,,,,,,
,,,,,,,特蕾西·格里姆伍德,比亚姆·肖,,,,,,,,,,,,,
,,,,,,,蒂姆·怀特,布拉德·昆克尔,,,,,,,,,,,,,
,,,,,,,佐伯敏夫,布莱斯·马登,,,,,,,,,,,,,
,,,,,,,魏克托,布里奇特·赖利,,,,,,,,,,,,,
,,,,,,,黄泰瑞,布赖恩·马什本,,,,,,,,,,,,,
,,,,,,,陈绍恩,英国人里维埃,,,,,,,,,,,,,
,,,,,,,西德·米德,布里奇特·贝特·蒂奇诺,,,,,,,,,,,,,
,,,,,,,罗杰·迪恩,布雷特·怀特利,,,,,,,,,,,,,
,,,,,,,伦道夫·凯迪克,布伦特棉花,,,,,,,,,,,,,
,,,,,,,帕特里克·伍德罗夫,布伦特·海顿,,,,,,,,,,,,,
,,,,,,,拉乌尔·豪斯曼,鲍里斯·格里戈里耶夫,,,,,,,,,,,,,
,,,,,,,菲利普·德鲁耶,鲍勃·拜尔利,,,,,,,,,,,,,
,,,,,,,迈克·温克尔曼,鲍勃·罗斯,,,,,,,,,,,,,
,,,,,,,帕特里克·内格尔,本·沙恩,,,,,,,,,,,,,
,,,,,,,奥托·皮埃内,比尔·特雷勒,,,,,,,,,,,,,
,,,,,,,迈克·坎波,博·巴特利特,,,,,,,,,,,,,
,,,,,,,马特·瓦格纳,本·奎尔蒂,,,,,,,,,,,,,
,,,,,,,马尔科·马内夫,比尔·布劳尔,,,,,,,,,,,,,
,,,,,,,玛丽·布莱尔,本·尼科尔森,,,,,,,,,,,,,
,,,,,,,押井守,比尔·杰克林,,,,,,,,,,,,,
,,,,,,,滨口真央,伯努瓦·曼德尔布罗特,,,,,,,,,,,,,
,,,,,,,路德维希·贝尔曼斯,本·阿伦森,,,,,,,,,,,,,
,,,,,,,拉斯洛·莫霍利-纳吉,博福德·德莱尼,,,,,,,,,,,,,
,,,,,,,乔什·阿格尔,巴克利·亨德里克斯,,,,,,,,,,,,,
,,,,,,,拉里·卡尔森,巴托洛梅·埃斯特万·穆里,,,,,,,,,,,,,
,,,,,,,基思·尼格利,巴尔蒂斯,,,,,,,,,,,,,
,,,,,,,朱莉·杜塞特,奥古斯特·图尔穆什,,,,,,,,,,,,,
,,,,,,,大友克洋,奥古斯都·约翰,,,,,,,,,,,,,
,,,,,,,凯特·比顿,奥古斯特·麦克,,,,,,,,,,,,,
,,,,,,,詹姆斯·吉拉德,奥古斯都·埃德温·马尔雷,,,,,,,,,,,,,
,,,,,,,周乔伊,奥黛丽·川崎,,,,,,,,,,,,,
,,,,,,,杰弗里·凯瑟琳·琼斯,阿里·谢弗,,,,,,,,,,,,,
,,,,,,,约翰·哈里斯,亚瑟·利斯默,,,,,,,,,,,,,
,,,,,,,伊恩·麦奎,阿图罗·索托,,,,,,,,,,,,,
,,,,,,,杰克·休斯,亚瑟·沃德尔,,,,,,,,,,,,,
,,,,,,,下田光,阿瑟·休斯,,,,,,,,,,,,,
,,,,,,,艾达·伦图尔·奥斯韦特,亚瑟·达夫,,,,,,,,,,,,,
,,,,,,,雅库布·罗扎尔斯基,亚瑟·博伊德,,,,,,,,,,,,,
,,,,,,,伊利亚·库夫希诺夫,阿瑟·哈克,,,,,,,,,,,,,
,,,,,,,杰拉尔德·斯卡夫,阿奇博尔德·索伯恩,,,,,,,,,,,,,
,,,,,,,杰夫·达罗,安东尼·凡·戴克,,,,,,,,,,,,,
,,,,,,,盖伊·比劳特,阿里斯塔克·伦图洛夫,,,,,,,,,,,,,
,,,,,,,埃尔热,艾蒿,,,,,,,,,,,,,
,,,,,,,艾德·布鲁贝克,安托万·布兰查德,,,,,,,,,,,,,
,,,,,,,格雷瓜尔·吉耶曼,阿特·弗拉姆,,,,,,,,,,,,,
,,,,,,,弗里登斯雷·百水,安东·皮克,,,,,,,,,,,,,
,,,,,,,杰玛·科雷尔,安东内罗·达·梅西纳,,,,,,,,,,,,,
,,,,,,,多萝西·拉斯罗普,安东·莫夫,,,,,,,,,,,,,
,,,,,,,艾尔·利西茨基,安东·拉斐尔·门斯,,,,,,,,,,,,,
,,,,,,,戴夫·多曼,安东尼·蒂姆,,,,,,,,,,,,,
,,,,,,,加里·拉尔森,安娜·博切克,,,,,,,,,,,,,
,,,,,,,克里斯蒂安·施洛,安塞姆·基弗,,,,,,,,,,,,,
,,,,,,,克里斯托弗·巴拉斯卡斯,安妮·斯温纳顿,,,,,,,,,,,,,
,,,,,,,克里斯·拉布罗伊,安尼克·布瓦蒂尔,,,,,,,,,,,,,
,,,,,,,布莱恩·李·奥马利,安德鲁·怀斯,,,,,,,,,,,,,
,,,,,,,比尔·卡曼,安妮·路易斯·吉洛代,,,,,,,,,,,,,
,,,,,,,鲍勃·克拉佩特,安妮·罗森斯坦,,,,,,,,,,,,,
,,,,,,,布赖恩·凯辛格,安妮·德瓦利,,,,,,,,,,,,,
,,,,,,,布赖恩·弗洛德,安德里亚·曼特尼亚,,,,,,,,,,,,,
,,,,,,,本尼迪克·巴纳,安德鲁·马卡拉,,,,,,,,,,,,,
,,,,,,,本·古森斯,安德烈·鲁布廖夫,,,,,,,,,,,,,
,,,,,,,阿蒂·盖兰,安德鲁·阿特罗申科,,,,,,,,,,,,,
,,,,,,,安娜·迪特曼,安德烈亚斯·阿肯巴赫,,,,,,,,,,,,,
,,,,,,,贝基·克鲁南,安德烈·洛特,,,,,,,,,,,,,
,,,,,,,阿瑟·拉克姆,安德里亚·科奇,,,,,,,,,,,,,
,,,,,,,安格斯·麦基,安德烈·科恩,,,,,,,,,,,,,
,,,,,,,亚历杭德罗·布尔迪西奥,安德斯·佐恩,,,,,,,,,,,,,
,,,,,,,阿曼达·克拉克,阿尔玛·伍德西·托马斯,,,,,,,,,,,,,
,,,,,,,亚历山德罗·戈塔多,阿纳托利·梅特兰,,,,,,,,,,,,,
,,,,,,,亚历克斯·安德烈夫,艾米·贾德,,,,,,,,,,,,,
,,,,,,,西蒙·斯塔伦哈格,安布罗修斯·本森,,,,,,,,,,,,,
,,,,,,,邓有洪,爱丽丝·贝利,,,,,,,,,,,,,
,,,,,,,亚伦·麦克格鲁德,艾丽莎·蒙克斯,,,,,,,,,,,,,
,,,,,,,阿德里安·史密斯,阿洛伊斯·阿内格,,,,,,,,,,,,,
,,,,,,,托芙·詹森,阿尔方斯·穆夏,,,,,,,,,,,,,
,,,,,,,蒂姆·拉汉,阿尔森·斯金纳·克拉克,,,,,,,,,,,,,
,,,,,,,劳里·格里斯利,阿尔弗雷德·芒宁斯,,,,,,,,,,,,,
,,,,,,,哈里·克拉克,阿尔弗雷德·亨利·毛雷尔,,,,,,,,,,,,,
,,,,,,,萧荣成,亚历山大卡拉梅,,,,,,,,,,,,,
,,,,,,,诺玛酒吧,阿尔弗雷德·史蒂文斯,,,,,,,,,,,,,
,,,,,,,凯·尼尔森,阿列克谢·哈拉莫夫,,,,,,,,,,,,,
,,,,,,,格雷森·佩里,阿尔弗雷德·吉尤,,,,,,,,,,,,,
,,,,,,,空山创,亚历山大·埃瓦里斯特·弗,,,,,,,,,,,,,
,,,,,,,达尔文·库克,亚历山大·米勒,,,,,,,,,,,,,
,,,,,,,杰夫·麦克菲特里奇,亚历山大·卡巴内尔,,,,,,,,,,,,,
,,,,,,,加里·潘特,亚历山大·贝诺瓦,,,,,,,,,,,,,
,,,,,,,艾温德·厄尔,亚历克斯·阿勒曼尼,,,,,,,,,,,,,
,,,,,,,丹·麦克法林,亚历山大·阿维林,,,,,,,,,,,,,
,,,,,,,凯瑟琳·诺林,亚历克斯·格雷,,,,,,,,,,,,,
,,,,,,,查尔斯·维斯,亚历克斯·拉塞尔·弗林特,,,,,,,,,,,,,
,,,,,,,本杰明·拉科姆,亚历克斯·加兰特,,,,,,,,,,,,,
,,,,,,,阿萨夫哈努卡,阿尔伯特·平卡姆·赖德,,,,,,,,,,,,,
,,,,,,,鸟山明,阿尔伯特·约瑟夫·摩尔,,,,,,,,,,,,,
,,,,,,,安吉拉·巴雷特,阿列克谢·萨弗拉索夫,,,,,,,,,,,,,
,,,,,,,艾尔·威廉森,阿尔伯特·林奇,,,,,,,,,,,,,
,,,,,,,阿德里安·托米恩,阿尔贝托·布里,,,,,,,,,,,,,
,,,,,,,艾莉·布罗什,阿尔伯特·安克,,,,,,,,,,,,,
,,,,,,,,阿尔伯特·古德温,,,,,,,,,,,,,
,,,,,,,,阿尔伯特·班诺瓦,,,,,,,,,,,,,
,,,,,,,,阿尔伯特·比尔施塔特,,,,,,,,,,,,,
,,,,,,,,阿尔伯特·格莱兹,,,,,,,,,,,,,
,,,,,,,,艾伦·宾,,,,,,,,,,,,,
,,,,,,,,艾伦·肯尼,,,,,,,,,,,,,
,,,,,,,,阿德里安·范·乌得勒支,,,,,,,,,,,,,
,,,,,,,,艾格尼丝·马丁,,,,,,,,,,,,,
,,,,,,,,阿戈斯蒂诺·阿里瓦贝内,,,,,,,,,,,,,
,,,,,,,,阿德里安·格尼,,,,,,,,,,,,,
,,,,,,,,阿德里安努斯·埃弗森,,,,,,,,,,,,,
,,,,,,,,艾格尼丝·塞西尔,,,,,,,,,,,,,
,,,,,,,,阿凡迪,,,,,,,,,,,,,
,,,,,,,,阿道夫·门泽尔,,,,,,,,,,,,,
,,,,,,,,阿多娜·卡雷,,,,,,,,,,,,,
,,,,,,,,阿德里安·范·奥斯塔德,,,,,,,,,,,,,
,,,,,,,,齐斯瓦夫·贝克辛斯基,,,,,,,,,,,,,
,,,,,,,,雅培·富勒·格雷夫斯,,,,,,,,,,,,,
,,,,,,,,阿德·莱因哈特,,,,,,,,,,,,,
,,,,,,,,亚当·埃尔斯海默,,,,,,,,,,,,,
,,,,,,,,阿杰·卡森,,,,,,,,,,,,,
,,,,,,,,雅培·汉德森·塞耶,,,,,,,,,,,,,
,,,,,,,,伊莱恩·德·库宁,,,,,,,,,,,,,
,,,,,,,,亨利·卢梭,,,,,,,,,,,,,
,,,,,,,,威廉·詹姆斯·格拉肯斯,,,,,,,,,,,,,
,,,,,,,,吉诺·塞韦里尼,,,,,,,,,,,,,
,,,,,,,,保罗·克利,,,,,,,,,,,,,
,,,,,,,,埃米尔·伯纳德,,,,,,,,,,,,,
,,,,,,,,艾德·帕施克,,,,,,,,,,,,,
,,,,,,,,阿波利纳里·瓦斯涅佐夫,,,,,,,,,,,,,
,,,,,,,,阿尔基普·库因吉,,,,,,,,,,,,,
,,,,,,,,安东尼·塔皮埃斯,,,,,,,,,,,,,
,,,,,,,,伊冯·库伯,,,,,,,,,,,,,
,,,,,,,,吴冠中,,,,,,,,,,,,,
,,,,,,,,文森特 - 梵高,,,,,,,,,,,,,
,,,,,,,,安德烈·德兰,,,,,,,,,,,,,
,,,,,,,,张大千,,,,,,,,,,,,,
,,,,,,,,杨永良,,,,,,,,,,,,,
,,,,,,,,威廉·惠特克,,,,,,,,,,,,,
,,,,,,,,徐悲鸿,,,,,,,,,,,,,
,,,,,,,,威尔·巴尼特,,,,,,,,,,,,,
,,,,,,,,维克托·尼佐夫采夫,,,,,,,,,,,,,
,,,,,,,,威廉·德·库宁,,,,,,,,,,,,,
,,,,,,,,威廉·兰森·拉斯罗普,,,,,,,,,,,,,
,,,,,,,,藤田嗣治,,,,,,,,,,,,,
,,,,,,,,雷吉娜·瓦卢齐,,,,,,,,,,,,,
,,,,,,,,翠西·艾敏,,,,,,,,,,,,,
,,,,,,,,特洛伊·布鲁克斯,,,,,,,,,,,,,
,,,,,,,,罗布·冈萨尔维斯,,,,,,,,,,,,,
,,,,,,,,拉乌尔·杜菲,,,,,,,,,,,,,
,,,,,,,,雷金纳德·马什,,,,,,,,,,,,,
,,,,,,,,雷内·马格里特,,,,,,,,,,,,,
,,,,,,,,雷蒙兹·斯塔普拉斯,,,,,,,,,,,,,
,,,,,,,,雷切尔·鲁伊斯,,,,,,,,,,,,,
,,,,,,,,保罗·高更,,,,,,,,,,,,,
,,,,,,,,彼得·多伊格,,,,,,,,,,,,,
,,,,,,,,莫里斯·赫什菲尔德,,,,,,,,,,,,,
,,,,,,,,保罗·拉弗利,,,,,,,,,,,,,
,,,,,,,,迈克·沃勒尔,,,,,,,,,,,,,
,,,,,,,,奥斯瓦尔多·瓜亚萨明,,,,,,,,,,,,,
,,,,,,,,路易斯·韦恩,,,,,,,,,,,,,
,,,,,,,,米里亚姆·夏皮罗,,,,,,,,,,,,,
,,,,,,,,玛丽·劳伦森,,,,,,,,,,,,,
,,,,,,,,莫里斯·普伦德加斯特,,,,,,,,,,,,,
,,,,,,,,马克斯·恩斯特,,,,,,,,,,,,,
,,,,,,,,玛丽亚·拉斯尼格,,,,,,,,,,,,,
,,,,,,,,莱昂·巴克斯特,,,,,,,,,,,,,
,,,,,,,,刘野,,,,,,,,,,,,,
,,,,,,,,勒罗伊·内曼,,,,,,,,,,,,,
,,,,,,,,林风眠,,,,,,,,,,,,,
,,,,,,,,珍妮·萨维尔,,,,,,,,,,,,,
,,,,,,,,卡雷尔·托勒,,,,,,,,,,,,,
,,,,,,,,洛朗·格拉索,,,,,,,,,,,,,
,,,,,,,,琼·米罗,,,,,,,,,,,,,
,,,,,,,,拉里·潘斯,,,,,,,,,,,,,
,,,,,,,,让·德尔维尔,,,,,,,,,,,,,
,,,,,,,,雅克·路易·大卫,,,,,,,,,,,,,
,,,,,,,,詹姆斯·纳尔斯,,,,,,,,,,,,,
,,,,,,,,亨利·马蒂斯,,,,,,,,,,,,,
,,,,,,,,贾斯帕·琼斯,,,,,,,,,,,,,
,,,,,,,,伊沃娜·利夫希斯,,,,,,,,,,,,,
,,,,,,,,霍华德·霍奇金,,,,,,,,,,,,,
,,,,,,,,雅各布·劳伦斯,,,,,,,,,,,,,
,,,,,,,,伊万·费多罗维奇·乔尔策,,,,,,,,,,,,,
,,,,,,,,伊琳娜·叶尔莫洛娃,,,,,,,,,,,,,
,,,,,,,,希尔玛·阿芙·克林特,,,,,,,,,,,,,
,,,,,,,,霍勒斯·皮平,,,,,,,,,,,,,
,,,,,,,,格兰特·伍德,,,,,,,,,,,,,
,,,,,,,,汉斯·哈同,,,,,,,,,,,,,
,,,,,,,,哈拉尔德·索尔伯格,,,,,,,,,,,,,
,,,,,,,,乔治·格罗兹,,,,,,,,,,,,,
,,,,,,,,古斯塔夫·克里姆特,,,,,,,,,,,,,
,,,,,,,,乔治·鲁奥,,,,,,,,,,,,,
,,,,,,,,格特鲁德·阿伯克龙比,,,,,,,,,,,,,
,,,,,,,,乔治·图克,,,,,,,,,,,,,
,,,,,,,,乔治·比勒尔,,,,,,,,,,,,,
,,,,,,,,弗里茨·斯科尔德,,,,,,,,,,,,,
,,,,,,,,乔治·巴塞利兹,,,,,,,,,,,,,
,,,,,,,,乔治·奥尔特,,,,,,,,,,,,,
,,,,,,,,加里·邦特,,,,,,,,,,,,,
,,,,,,,,斐迪南·杜普伊戈多,,,,,,,,,,,,,
,,,,,,,,加斯顿·布西埃,,,,,,,,,,,,,
,,,,,,,,加里·梅尔彻斯,,,,,,,,,,,,,
,,,,,,,,加布里埃尔·蒙特,,,,,,,,,,,,,
,,,,,,,,菲斯·林戈尔德,,,,,,,,,,,,,
,,,,,,,,方力钧,,,,,,,,,,,,,
,,,,,,,,艾琳·汉森,,,,,,,,,,,,,
,,,,,,,,菲利斯·卡索拉蒂,,,,,,,,,,,,,
,,,,,,,,埃特尔·阿德南,,,,,,,,,,,,,
,,,,,,,,爱德华·维亚尔,,,,,,,,,,,,,
,,,,,,,,爱德华·霍珀,,,,,,,,,,,,,
,,,,,,,,埃里希·赫克尔,,,,,,,,,,,,,
,,,,,,,,埃米尔·诺尔德,,,,,,,,,,,,,
,,,,,,,,德斯蒙德·莫里斯,,,,,,,,,,,,,
,,,,,,,,大卫·霍克尼,,,,,,,,,,,,,
,,,,,,,,大卫·伯留克,,,,,,,,,,,,,
,,,,,,,,艾德·梅尔,,,,,,,,,,,,,
,,,,,,,,迪·尼克森,,,,,,,,,,,,,
,,,,,,,,库诺·阿米特,,,,,,,,,,,,,
,,,,,,,,丹尼尔·梅里亚姆,,,,,,,,,,,,,
,,,,,,,,鲍里斯·库斯托季耶夫,,,,,,,,,,,,,
,,,,,,,,比利·柴迪什,,,,,,,,,,,,,
,,,,,,,,查尔斯·布莱克曼,,,,,,,,,,,,,
,,,,,,,,克劳拉,,,,,,,,,,,,,
,,,,,,,,克里斯·奥菲利,,,,,,,,,,,,,
,,,,,,,,克劳德·莫奈,,,,,,,,,,,,,
,,,,,,,,奥古斯特·赫宾,,,,,,,,,,,,,
,,,,,,,,布彭·卡哈尔,,,,,,,,,,,,,
,,,,,,,,伯纳德·巴菲特,,,,,,,,,,,,,
,,,,,,,,竹永芭芭拉,,,,,,,,,,,,,
,,,,,,,,亚瑟·斯特里顿,,,,,,,,,,,,,
,,,,,,,,阿斯格·乔恩,,,,,,,,,,,,,
,,,,,,,,阿尔芒·吉约曼,,,,,,,,,,,,,
,,,,,,,,阿诺德·博克林,,,,,,,,,,,,,
,,,,,,,,阿希尔·高尔基,,,,,,,,,,,,,
,,,,,,,,艾米·希尔曼,,,,,,,,,,,,,
,,,,,,,,安妮·苏丹,,,,,,,,,,,,,
,,,,,,,,安德烈·雷姆涅夫,,,,,,,,,,,,,
,,,,,,,,艾丽丝·尼尔,,,,,,,,,,,,,
,,,,,,,,安妮·帕卡德,,,,,,,,,,,,,
,,,,,,,,安娜·安彻,,,,,,,,,,,,,
,,,,,,,,阿梅代奥·莫迪利亚尼,,,,,,,,,,,,,
,,,,,,,,阿尔方斯·奥斯伯特,,,,,,,,,,,,,
,,,,,,,,艾米·谢拉尔德,,,,,,,,,,,,,
,,,,,,,,安布罗修斯·博斯查尔特,,,,,,,,,,,,,
,,,,,,,,艾伦·帕里,,,,,,,,,,,,,
,,,,,,,,亚历克斯·科尔维尔,,,,,,,,,,,,,
,,,,,,,,艾格尼丝·劳伦斯·佩尔顿,,,,,,,,,,,,,
,,,,,,,,阿尔伯特·马奎特,,,,,,,,,,,,,
,,,,,,,,亚历克斯·格罗斯,,,,,,,,,,,,,
,,,,,,,,阿道夫·戈特利布,,,,,,,,,,,,,
,,,,,,,,亚伦·贾辛斯基,,,,,,,,,,,,,
,,,,,,,,阿法林·萨杰迪,,,,,,,,,,,,,
